{"cameraMode":{"drawMode":0,"name":"Shaded","section":"Shading Mode"},"sceneLighting":true,"audioPlay":false,"sceneViewState":{"showFog":true,"showMaterialUpdate":true,"showSkybox":true,"showFlares":true,"showImageEffects":true,"showParticleSystems":true},"in2DMode":false,"pivot":{"x":-0.5314146876335144,"y":5.926526069641113,"z":16.387746810913087},"rotation":{"x":-0.010222876444458962,"y":0.9897246360778809,"z":-0.09561703354120255,"w":-0.1058209165930748},"size":-5.216426372528076,"orthographic":false}