{"cameraMode":{"drawMode":0,"name":"Shaded","section":"Shading Mode"},"sceneLighting":true,"audioPlay":false,"sceneViewState":{"showFog":true,"showMaterialUpdate":true,"showSkybox":true,"showFlares":true,"showImageEffects":true,"showParticleSystems":true},"in2DMode":false,"pivot":{"x":-7.28324556350708,"y":1.0222440958023072,"z":1.485896110534668},"rotation":{"x":-0.0661332979798317,"y":-0.9081945419311523,"z":0.1571226865053177,"w":-0.3822585642337799},"size":9.328743934631348,"orthographic":false}