{"cameraMode":{"drawMode":0,"name":"Shaded","section":"Shading Mode"},"sceneLighting":false,"audioPlay":false,"sceneViewState":{"showFog":true,"showMaterialUpdate":true,"showSkybox":true,"showFlares":true,"showImageEffects":true,"showParticleSystems":true},"in2DMode":false,"pivot":{"x":-3.2799999713897707,"y":1.0,"z":4.119999885559082},"rotation":{"x":-0.0003932485415134579,"y":0.9961807131767273,"z":-0.08719898760318756,"w":-0.00449766730889678},"size":3.1416585445404054,"orthographic":false}