{"cameraMode":{"drawMode":0,"name":"Shaded","section":"Shading Mode"},"sceneLighting":true,"audioPlay":false,"sceneViewState":{"showFog":true,"showMaterialUpdate":true,"showSkybox":true,"showFlares":true,"showImageEffects":true,"showParticleSystems":true},"in2DMode":false,"pivot":{"x":-2.946207284927368,"y":0.8528157472610474,"z":-7.647820472717285},"rotation":{"x":-0.05501466244459152,"y":-0.16519694030284882,"z":0.009228772483766079,"w":-0.9846817851066589},"size":4.916426181793213,"orthographic":false}